CategoryName,FlowerCategory
chardon,0
chardon,0
chardon,0
chardon,0
chardon,0
chardon,0
chardon,0
chardon,0
chardon,0
chardon,0
chardon,0
chardon,0
chardon,0
chardon,0
chardon,0
chardon,0
chardon,0
chardon,0
chardon,0
chardon,0
chardon,0
chardon,0
chardon,0
chardon,0
chardon,0
chardon,0
chardon,0
chardon,0
chardon,0
chardon,0
chardon,0
chardon,0
chardon,0
chardon,0
chardon,0
chardon,0
chardon,0
chardon,0
chardon,0
chardon,0
chardon,0
chardon,0
chardon,0
chardon,0
chardon,0
chardon,0
chardon,0
chardon,0
chardon,0
chardon,0
chardon,0
chardon,0
chardon,0
chardon,0
chardon,0
chardon,0
chardon,0
chardon,0
chardon,0
chardon,0
chardon,0
chardon,0
chardon,0
chardon,0
chardon,0
chardon,0
chardon,0
chardon,0
chardon,0
chardon,0
chardon,0
chardon,0
chardon,0
chardon,0
chardon,0
chardon,0
chardon,0
chardon,0
chardon,0
chardon,0
dyrade_8_p├йtales,1
dyrade_8_p├йtales,1
dyrade_8_p├йtales,1
dyrade_8_p├йtales,1
dyrade_8_p├йtales,1
dyrade_8_p├йtales,1
dyrade_8_p├йtales,1
dyrade_8_p├йtales,1
dyrade_8_p├йtales,1
dyrade_8_p├йtales,1
dyrade_8_p├йtales,1
dyrade_8_p├йtales,1
dyrade_8_p├йtales,1
dyrade_8_p├йtales,1
dyrade_8_p├йtales,1
dyrade_8_p├йtales,1
dyrade_8_p├йtales,1
dyrade_8_p├йtales,1
dyrade_8_p├йtales,1
dyrade_8_p├йtales,1
dyrade_8_p├йtales,1
dyrade_8_p├йtales,1
dyrade_8_p├йtales,1
dyrade_8_p├йtales,1
dyrade_8_p├йtales,1
dyrade_8_p├йtales,1
dyrade_8_p├йtales,1
dyrade_8_p├йtales,1
dyrade_8_p├йtales,1
dyrade_8_p├йtales,1
dyrade_8_p├йtales,1
dyrade_8_p├йtales,1
dyrade_8_p├йtales,1
dyrade_8_p├йtales,1
dyrade_8_p├йtales,1
dyrade_8_p├йtales,1
dyrade_8_p├йtales,1
dyrade_8_p├йtales,1
dyrade_8_p├йtales,1
dyrade_8_p├йtales,1
dyrade_8_p├йtales,1
dyrade_8_p├йtales,1
dyrade_8_p├йtales,1
dyrade_8_p├йtales,1
dyrade_8_p├йtales,1
dyrade_8_p├йtales,1
dyrade_8_p├йtales,1
dyrade_8_p├йtales,1
dyrade_8_p├йtales,1
dyrade_8_p├йtales,1
dyrade_8_p├йtales,1
dyrade_8_p├йtales,1
dyrade_8_p├йtales,1
dyrade_8_p├йtales,1
dyrade_8_p├йtales,1
dyrade_8_p├йtales,1
dyrade_8_p├йtales,1
dyrade_8_p├йtales,1
dyrade_8_p├йtales,1
dyrade_8_p├йtales,1
dyrade_8_p├йtales,1
dyrade_8_p├йtales,1
dyrade_8_p├йtales,1
dyrade_8_p├йtales,1
dyrade_8_p├йtales,1
dyrade_8_p├йtales,1
dyrade_8_p├йtales,1
dyrade_8_p├йtales,1
dyrade_8_p├йtales,1
dyrade_8_p├йtales,1
dyrade_8_p├йtales,1
dyrade_8_p├йtales,1
dyrade_8_p├йtales,1
dyrade_8_p├йtales,1
dyrade_8_p├йtales,1
dyrade_8_p├йtales,1
dyrade_8_p├йtales,1
dyrade_8_p├йtales,1
camphrier,2
camphrier,2
camphrier,2
camphrier,2
camphrier,2
camphrier,2
camphrier,2
camphrier,2
camphrier,2
camphrier,2
camphrier,2
camphrier,2
camphrier,2
camphrier,2
camphrier,2
camphrier,2
camphrier,2
camphrier,2
camphrier,2
camphrier,2
camphrier,2
camphrier,2
camphrier,2
camphrier,2
camphrier,2
camphrier,2
camphrier,2
camphrier,2
camphrier,2
camphrier,2
camphrier,2
camphrier,2
camphrier,2
camphrier,2
camphrier,2
camphrier,2
camphrier,2
camphrier,2
camphrier,2
camphrier,2
camphrier,2
camphrier,2
camphrier,2
camphrier,2
camphrier,2
camphrier,2
camphrier,2
camphrier,2
camphrier,2
camphrier,2
camphrier,2
camphrier,2
camphrier,2
camphrier,2
camphrier,2
camphrier,2
camphrier,2
camphrier,2
camphrier,2
camphrier,2
camphrier,2
camphrier,2
camphrier,2
camphrier,2
camphrier,2
camphrier,2
camphrier,2
camphrier,2
camphrier,2
camphrier,2
camphrier,2
camphrier,2
camphrier,2
camphrier,2
camphrier,2
camphrier,2
camphrier,2
camphrier,2
camphrier,2
buis,3
buis,3
buis,3
buis,3
buis,3
buis,3
buis,3
buis,3
buis,3
buis,3
buis,3
buis,3
buis,3
buis,3
buis,3
buis,3
buis,3
buis,3
buis,3
buis,3
buis,3
buis,3
buis,3
buis,3
buis,3
buis,3
buis,3
buis,3
buis,3
buis,3
buis,3
buis,3
buis,3
buis,3
buis,3
buis,3
buis,3
buis,3
buis,3
buis,3
buis,3
buis,3
buis,3
buis,3
buis,3
buis,3
buis,3
buis,3
buis,3
buis,3
buis,3
buis,3
buis,3
buis,3
buis,3
buis,3
buis,3
buis,3
buis,3
buis,3
buis,3
buis,3
buis,3
buis,3
buis,3
buis,3
buis,3
buis,3
buis,3
buis,3
buis,3
buis,3
buis,3
buis,3
buis,3
buis,3
buis,3
buis,3
buis,3
buis,3
caille-lait_jaune,4
caille-lait_jaune,4
caille-lait_jaune,4
caille-lait_jaune,4
caille-lait_jaune,4
caille-lait_jaune,4
caille-lait_jaune,4
caille-lait_jaune,4
caille-lait_jaune,4
caille-lait_jaune,4
caille-lait_jaune,4
caille-lait_jaune,4
caille-lait_jaune,4
caille-lait_jaune,4
caille-lait_jaune,4
caille-lait_jaune,4
caille-lait_jaune,4
caille-lait_jaune,4
caille-lait_jaune,4
caille-lait_jaune,4
caille-lait_jaune,4
caille-lait_jaune,4
caille-lait_jaune,4
caille-lait_jaune,4
caille-lait_jaune,4
caille-lait_jaune,4
caille-lait_jaune,4
caille-lait_jaune,4
caille-lait_jaune,4
caille-lait_jaune,4
caille-lait_jaune,4
caille-lait_jaune,4
caille-lait_jaune,4
caille-lait_jaune,4
caille-lait_jaune,4
caille-lait_jaune,4
caille-lait_jaune,4
caille-lait_jaune,4
caille-lait_jaune,4
caille-lait_jaune,4
caille-lait_jaune,4
caille-lait_jaune,4
caille-lait_jaune,4
caille-lait_jaune,4
caille-lait_jaune,4
caille-lait_jaune,4
caille-lait_jaune,4
caille-lait_jaune,4
caille-lait_jaune,4
caille-lait_jaune,4
caille-lait_jaune,4
caille-lait_jaune,4
caille-lait_jaune,4
caille-lait_jaune,4
caille-lait_jaune,4
caille-lait_jaune,4
caille-lait_jaune,4
caille-lait_jaune,4
caille-lait_jaune,4
caille-lait_jaune,4
caille-lait_jaune,4
caille-lait_jaune,4
caille-lait_jaune,4
caille-lait_jaune,4
caille-lait_jaune,4
caille-lait_jaune,4
caille-lait_jaune,4
caille-lait_jaune,4
caille-lait_jaune,4
caille-lait_jaune,4
caille-lait_jaune,4
caille-lait_jaune,4
caille-lait_jaune,4
caille-lait_jaune,4
caille-lait_jaune,4
caille-lait_jaune,4
caille-lait_jaune,4
bugrane_minuscule,5
bugrane_minuscule,5
bugrane_minuscule,5
bugrane_minuscule,5
bugrane_minuscule,5
bugrane_minuscule,5
bugrane_minuscule,5
bugrane_minuscule,5
bugrane_minuscule,5
bugrane_minuscule,5
bugrane_minuscule,5
bugrane_minuscule,5
bugrane_minuscule,5
bugrane_minuscule,5
bugrane_minuscule,5
bugrane_minuscule,5
bugrane_minuscule,5
bugrane_minuscule,5
bugrane_minuscule,5
bugrane_minuscule,5
bugrane_minuscule,5
bugrane_minuscule,5
bugrane_minuscule,5
bugrane_minuscule,5
bugrane_minuscule,5
bugrane_minuscule,5
bugrane_minuscule,5
bugrane_minuscule,5
bugrane_minuscule,5
bugrane_minuscule,5
bugrane_minuscule,5
bugrane_minuscule,5
bugrane_minuscule,5
bugrane_minuscule,5
bugrane_minuscule,5
bugrane_minuscule,5
bugrane_minuscule,5
bugrane_minuscule,5
bugrane_minuscule,5
bugrane_minuscule,5
bugrane_minuscule,5
bugrane_minuscule,5
bugrane_minuscule,5
bugrane_minuscule,5
bugrane_minuscule,5
bugrane_minuscule,5
bugrane_minuscule,5
bugrane_minuscule,5
bugrane_minuscule,5
bugrane_minuscule,5
bugrane_minuscule,5
bugrane_minuscule,5
bugrane_minuscule,5
bugrane_minuscule,5
bugrane_minuscule,5
bugrane_minuscule,5
bugrane_minuscule,5
bugrane_minuscule,5
bugrane_minuscule,5
bugrane_minuscule,5
bugrane_minuscule,5
bugrane_minuscule,5
bugrane_minuscule,5
bugrane_minuscule,5
bugrane_minuscule,5
bugrane_minuscule,5
bugrane_minuscule,5
bugrane_minuscule,5
bugrane_minuscule,5
bugrane_minuscule,5
bugrane_minuscule,5
bugrane_minuscule,5
bugrane_minuscule,5
bugrane_minuscule,5
bugrane_minuscule,5
bugrane_minuscule,5
bugrane_minuscule,5
bugrane_minuscule,5
bugrane_minuscule,5
bugrane_minuscule,5
centranthe,6
centranthe,6
centranthe,6
centranthe,6
centranthe,6
centranthe,6
centranthe,6
centranthe,6
centranthe,6
centranthe,6
centranthe,6
centranthe,6
centranthe,6
centranthe,6
centranthe,6
centranthe,6
centranthe,6
centranthe,6
centranthe,6
centranthe,6
centranthe,6
centranthe,6
centranthe,6
centranthe,6
centranthe,6
centranthe,6
centranthe,6
centranthe,6
centranthe,6
centranthe,6
centranthe,6
centranthe,6
centranthe,6
centranthe,6
centranthe,6
centranthe,6
centranthe,6
centranthe,6
centranthe,6
centranthe,6
centranthe,6
centranthe,6
centranthe,6
centranthe,6
centranthe,6
centranthe,6
centranthe,6
centranthe,6
centranthe,6
centranthe,6
centranthe,6
centranthe,6
centranthe,6
centranthe,6
centranthe,6
centranthe,6
centranthe,6
centranthe,6
centranthe,6
centranthe,6
centranthe,6
centranthe,6
centranthe,6
centranthe,6
centranthe,6
centranthe,6
centranthe,6
centranthe,6
centranthe,6
centranthe,6
centranthe,6
centranthe,6
centranthe,6
centranthe,6
centranthe,6
centranthe,6
centranthe,6
centranthe,6
centranthe,6
centranthe,6
asphod├иle_rameux,7
asphod├иle_rameux,7
asphod├иle_rameux,7
asphod├иle_rameux,7
asphod├иle_rameux,7
asphod├иle_rameux,7
asphod├иle_rameux,7
asphod├иle_rameux,7
asphod├иle_rameux,7
asphod├иle_rameux,7
asphod├иle_rameux,7
asphod├иle_rameux,7
asphod├иle_rameux,7
asphod├иle_rameux,7
asphod├иle_rameux,7
asphod├иle_rameux,7
asphod├иle_rameux,7
asphod├иle_rameux,7
asphod├иle_rameux,7
asphod├иle_rameux,7
asphod├иle_rameux,7
asphod├иle_rameux,7
asphod├иle_rameux,7
asphod├иle_rameux,7
asphod├иle_rameux,7
asphod├иle_rameux,7
asphod├иle_rameux,7
asphod├иle_rameux,7
asphod├иle_rameux,7
asphod├иle_rameux,7
asphod├иle_rameux,7
asphod├иle_rameux,7
asphod├иle_rameux,7
asphod├иle_rameux,7
asphod├иle_rameux,7
asphod├иle_rameux,7
asphod├иle_rameux,7
asphod├иle_rameux,7
asphod├иle_rameux,7
asphod├иle_rameux,7
asphod├иle_rameux,7
asphod├иle_rameux,7
asphod├иle_rameux,7
asphod├иle_rameux,7
asphod├иle_rameux,7
asphod├иle_rameux,7
asphod├иle_rameux,7
asphod├иle_rameux,7
asphod├иle_rameux,7
asphod├иle_rameux,7
asphod├иle_rameux,7
asphod├иle_rameux,7
asphod├иle_rameux,7
asphod├иle_rameux,7
asphod├иle_rameux,7
asphod├иle_rameux,7
asphod├иle_rameux,7
asphod├иle_rameux,7
asphod├иle_rameux,7
asphod├иle_rameux,7
asphod├иle_rameux,7
asphod├иle_rameux,7
asphod├иle_rameux,7
asphod├иle_rameux,7
asphod├иle_rameux,7
asphod├иle_rameux,7
asphod├иle_rameux,7
asphod├иle_rameux,7
asphod├иle_rameux,7
asphod├иle_rameux,7
asphod├иle_rameux,7
asphod├иle_rameux,7
asphod├иle_rameux,7
asphod├иle_rameux,7
asphod├иle_rameux,7
asphod├иle_rameux,7
asphod├иle_rameux,7
asphod├иle_rameux,7
asphod├иle_rameux,7
asphod├иle_rameux,7
asphod├иle_rameux,7
asphod├иle_rameux,7
asphod├иle_rameux,7
asphod├иle_rameux,7
asphod├иle_rameux,7
asphod├иle_rameux,7
asphod├иle_rameux,7
asphod├иle_rameux,7
asphod├иle_rameux,7
asphod├иle_rameux,7
asphod├иle_rameux,7
asphod├иle_rameux,7
asphod├иle_rameux,7
asphod├иle_rameux,7
asphod├иle_rameux,7
asphod├иle_rameux,7
asphod├иle_rameux,7
asphod├иle_rameux,7
asphod├иle_rameux,7
asphod├иle_rameux,7
asphod├иle_rameux,7
asphod├иle_rameux,7
asphod├иle_rameux,7
asphod├иle_rameux,7
asphod├иle_rameux,7
asphod├иle_rameux,7
asphod├иle_rameux,7
asphod├иle_rameux,7
asphod├иle_rameux,7
asphod├иle_rameux,7
asphod├иle_rameux,7
asphod├иle_rameux,7
buisson_ardent,8
buisson_ardent,8
buisson_ardent,8
buisson_ardent,8
buisson_ardent,8
buisson_ardent,8
buisson_ardent,8
buisson_ardent,8
buisson_ardent,8
buisson_ardent,8
buisson_ardent,8
buisson_ardent,8
buisson_ardent,8
buisson_ardent,8
buisson_ardent,8
buisson_ardent,8
buisson_ardent,8
buisson_ardent,8
buisson_ardent,8
buisson_ardent,8
buisson_ardent,8
buisson_ardent,8
buisson_ardent,8
buisson_ardent,8
buisson_ardent,8
buisson_ardent,8
buisson_ardent,8
buisson_ardent,8
buisson_ardent,8
buisson_ardent,8
buisson_ardent,8
buisson_ardent,8
buisson_ardent,8
buisson_ardent,8
buisson_ardent,8
buisson_ardent,8
buisson_ardent,8
buisson_ardent,8
buisson_ardent,8
buisson_ardent,8
buisson_ardent,8
buisson_ardent,8
buisson_ardent,8
buisson_ardent,8
buisson_ardent,8
buisson_ardent,8
buisson_ardent,8
buisson_ardent,8
buisson_ardent,8
buisson_ardent,8
buisson_ardent,8
buisson_ardent,8
buisson_ardent,8
buisson_ardent,8
buisson_ardent,8
buisson_ardent,8
buisson_ardent,8
buisson_ardent,8
buisson_ardent,8
buisson_ardent,8
buisson_ardent,8
buisson_ardent,8
buisson_ardent,8
buisson_ardent,8
buisson_ardent,8
buisson_ardent,8
buisson_ardent,8
buisson_ardent,8
buisson_ardent,8
buisson_ardent,8
buisson_ardent,8
buisson_ardent,8
buisson_ardent,8
buisson_ardent,8
buisson_ardent,8
buisson_ardent,8
buisson_ardent,8
buisson_ardent,8
buisson_ardent,8
buisson_ardent,8
buisson_ardent,8
coquelicot,9
coquelicot,9
coquelicot,9
coquelicot,9
coquelicot,9
coquelicot,9
coquelicot,9
coquelicot,9
coquelicot,9
coquelicot,9
coquelicot,9
coquelicot,9
coquelicot,9
coquelicot,9
coquelicot,9
coquelicot,9
coquelicot,9
coquelicot,9
coquelicot,9
coquelicot,9
coquelicot,9
coquelicot,9
coquelicot,9
coquelicot,9
coquelicot,9
coquelicot,9
coquelicot,9
coquelicot,9
coquelicot,9
coquelicot,9
coquelicot,9
coquelicot,9
coquelicot,9
coquelicot,9
coquelicot,9
coquelicot,9
coquelicot,9
coquelicot,9
coquelicot,9
coquelicot,9
coquelicot,9
coquelicot,9
coquelicot,9
coquelicot,9
coquelicot,9
coquelicot,9
coquelicot,9
coquelicot,9
coquelicot,9
coquelicot,9
coquelicot,9
coquelicot,9
coquelicot,9
coquelicot,9
coquelicot,9
coquelicot,9
coquelicot,9
coquelicot,9
coquelicot,9
coquelicot,9
coquelicot,9
coquelicot,9
coquelicot,9
coquelicot,9
coquelicot,9
coquelicot,9
coquelicot,9
coquelicot,9
coquelicot,9
coquelicot,9
coquelicot,9
coquelicot,9
coquelicot,9
coquelicot,9
coquelicot,9
coquelicot,9
coquelicot,9
coquelicot,9
camomille_sauvage,10
camomille_sauvage,10
camomille_sauvage,10
camomille_sauvage,10
camomille_sauvage,10
camomille_sauvage,10
camomille_sauvage,10
camomille_sauvage,10
camomille_sauvage,10
camomille_sauvage,10
camomille_sauvage,10
camomille_sauvage,10
camomille_sauvage,10
camomille_sauvage,10
camomille_sauvage,10
camomille_sauvage,10
camomille_sauvage,10
camomille_sauvage,10
camomille_sauvage,10
camomille_sauvage,10
camomille_sauvage,10
camomille_sauvage,10
camomille_sauvage,10
camomille_sauvage,10
camomille_sauvage,10
camomille_sauvage,10
camomille_sauvage,10
camomille_sauvage,10
camomille_sauvage,10
camomille_sauvage,10
camomille_sauvage,10
camomille_sauvage,10
camomille_sauvage,10
camomille_sauvage,10
camomille_sauvage,10
camomille_sauvage,10
camomille_sauvage,10
camomille_sauvage,10
camomille_sauvage,10
camomille_sauvage,10
camomille_sauvage,10
camomille_sauvage,10
camomille_sauvage,10
camomille_sauvage,10
camomille_sauvage,10
camomille_sauvage,10
camomille_sauvage,10
camomille_sauvage,10
camomille_sauvage,10
camomille_sauvage,10
camomille_sauvage,10
camomille_sauvage,10
camomille_sauvage,10
camomille_sauvage,10
camomille_sauvage,10
camomille_sauvage,10
camomille_sauvage,10
camomille_sauvage,10
camomille_sauvage,10
camomille_sauvage,10
camomille_sauvage,10
camomille_sauvage,10
camomille_sauvage,10
camomille_sauvage,10
camomille_sauvage,10
camomille_sauvage,10
camomille_sauvage,10
camomille_sauvage,10
camomille_sauvage,10
camomille_sauvage,10
camomille_sauvage,10
camomille_sauvage,10
camomille_sauvage,10
camomille_sauvage,10
camomille_sauvage,10
camomille_sauvage,10
camomille_sauvage,10
camomille_sauvage,10
camomille_sauvage,10
calamenthe,11
calamenthe,11
calamenthe,11
calamenthe,11
calamenthe,11
calamenthe,11
calamenthe,11
calamenthe,11
calamenthe,11
calamenthe,11
calamenthe,11
calamenthe,11
calamenthe,11
calamenthe,11
calamenthe,11
calamenthe,11
calamenthe,11
calamenthe,11
calamenthe,11
calamenthe,11
calamenthe,11
calamenthe,11
calamenthe,11
calamenthe,11
calamenthe,11
calamenthe,11
calamenthe,11
calamenthe,11
calamenthe,11
calamenthe,11
calamenthe,11
calamenthe,11
calamenthe,11
calamenthe,11
calamenthe,11
calamenthe,11
calamenthe,11
calamenthe,11
calamenthe,11
calamenthe,11
calamenthe,11
calamenthe,11
calamenthe,11
calamenthe,11
calamenthe,11
calamenthe,11
calamenthe,11
calamenthe,11
calamenthe,11
calamenthe,11
calamenthe,11
calamenthe,11
calamenthe,11
calamenthe,11
calamenthe,11
calamenthe,11
calamenthe,11
calamenthe,11
calamenthe,11
calamenthe,11
calamenthe,11
calamenthe,11
calamenthe,11
calamenthe,11
calamenthe,11
calamenthe,11
calamenthe,11
calamenthe,11
calamenthe,11
calamenthe,11
calamenthe,11
coronille_bigar├йe,12
coronille_bigar├йe,12
coronille_bigar├йe,12
coronille_bigar├йe,12
coronille_bigar├йe,12
coronille_bigar├йe,12
coronille_bigar├йe,12
coronille_bigar├йe,12
coronille_bigar├йe,12
coronille_bigar├йe,12
coronille_bigar├йe,12
coronille_bigar├йe,12
coronille_bigar├йe,12
coronille_bigar├йe,12
coronille_bigar├йe,12
coronille_bigar├йe,12
coronille_bigar├йe,12
coronille_bigar├йe,12
coronille_bigar├йe,12
coronille_bigar├йe,12
coronille_bigar├йe,12
coronille_bigar├йe,12
coronille_bigar├йe,12
coronille_bigar├йe,12
coronille_bigar├йe,12
coronille_bigar├йe,12
coronille_bigar├йe,12
coronille_bigar├йe,12
coronille_bigar├йe,12
coronille_bigar├йe,12
coronille_bigar├йe,12
coronille_bigar├йe,12
coronille_bigar├йe,12
coronille_bigar├йe,12
coronille_bigar├йe,12
coronille_bigar├йe,12
coronille_bigar├йe,12
coronille_bigar├йe,12
coronille_bigar├йe,12
coronille_bigar├йe,12
coronille_bigar├йe,12
coronille_bigar├йe,12
coronille_bigar├йe,12
coronille_bigar├йe,12
coronille_bigar├йe,12
coronille_bigar├йe,12
coronille_bigar├йe,12
coronille_bigar├йe,12
coronille_bigar├йe,12
coronille_bigar├йe,12
coronille_bigar├йe,12
coronille_bigar├йe,12
coronille_bigar├йe,12
coronille_bigar├йe,12
coronille_bigar├йe,12
coronille_bigar├йe,12
coronille_bigar├йe,12
coronille_bigar├йe,12
coronille_bigar├йe,12
coronille_bigar├йe,12
coronille_bigar├йe,12
coronille_bigar├йe,12
coronille_bigar├йe,12
coronille_bigar├йe,12
coronille_bigar├йe,12
coronille_bigar├йe,12
coronille_bigar├йe,12
coronille_bigar├йe,12
coronille_bigar├йe,12
coronille_bigar├йe,12
coronille_bigar├йe,12
coronille_bigar├йe,12
coronille_bigar├йe,12
coronille_bigar├йe,12
coronille_bigar├йe,12
coronille_bigar├йe,12
coronille_bigar├йe,12
coronille_bigar├йe,12
coronille_bigar├йe,12
coronille_bigar├йe,12
coronille_bigar├йe,12
coronille_bigar├йe,12
coronille_bigar├йe,12
coronille_bigar├йe,12
coronille_bigar├йe,12
coronille_bigar├йe,12
coronille_bigar├йe,12
coronille_bigar├йe,12
coronille_bigar├йe,12
coronille_bigar├йe,12
coronille_bigar├йe,12
coronille_bigar├йe,12
coronille_bigar├йe,12
bugrane_rampante,13
bugrane_rampante,13
bugrane_rampante,13
bugrane_rampante,13
bugrane_rampante,13
bugrane_rampante,13
bugrane_rampante,13
bugrane_rampante,13
bugrane_rampante,13
bugrane_rampante,13
bugrane_rampante,13
bugrane_rampante,13
bugrane_rampante,13
bugrane_rampante,13
bugrane_rampante,13
bugrane_rampante,13
bugrane_rampante,13
bugrane_rampante,13
bugrane_rampante,13
bugrane_rampante,13
bugrane_rampante,13
bugrane_rampante,13
bugrane_rampante,13
bugrane_rampante,13
bugrane_rampante,13
bugrane_rampante,13
bugrane_rampante,13
bugrane_rampante,13
bugrane_rampante,13
bugrane_rampante,13
bugrane_rampante,13
bugrane_rampante,13
bugrane_rampante,13
bugrane_rampante,13
bugrane_rampante,13
bugrane_rampante,13
bugrane_rampante,13
bugrane_rampante,13
bugrane_rampante,13
bugrane_rampante,13
bugrane_rampante,13
bugrane_rampante,13
bugrane_rampante,13
bugrane_rampante,13
bugrane_rampante,13
bugrane_rampante,13
bugrane_rampante,13
bugrane_rampante,13
bugrane_rampante,13
bugrane_rampante,13
bugrane_rampante,13
bugrane_rampante,13
bugrane_rampante,13
bugrane_rampante,13
bugrane_rampante,13
bugrane_rampante,13
bugrane_rampante,13
bugrane_rampante,13
bugrane_rampante,13
bugrane_rampante,13
bugrane_rampante,13
bugrane_rampante,13
bugrane_rampante,13
bugrane_rampante,13
bugrane_rampante,13
bugrane_rampante,13
bugrane_rampante,13
bugrane_rampante,13
bugrane_rampante,13
bugrane_rampante,13
bugrane_rampante,13
bugrane_rampante,13
bugrane_rampante,13
bugrane_rampante,13
bugrane_rampante,13
bugrane_rampante,13
bugrane_rampante,13
bugrane_rampante,13
bugrane_rampante,13
bugrane_rampante,13
arbre_├а_perruque,14
arbre_├а_perruque,14
arbre_├а_perruque,14
arbre_├а_perruque,14
arbre_├а_perruque,14
arbre_├а_perruque,14
arbre_├а_perruque,14
arbre_├а_perruque,14
arbre_├а_perruque,14
arbre_├а_perruque,14
arbre_├а_perruque,14
arbre_├а_perruque,14
arbre_├а_perruque,14
arbre_├а_perruque,14
arbre_├а_perruque,14
arbre_├а_perruque,14
arbre_├а_perruque,14
arbre_├а_perruque,14
arbre_├а_perruque,14
arbre_├а_perruque,14
arbre_├а_perruque,14
arbre_├а_perruque,14
arbre_├а_perruque,14
arbre_├а_perruque,14
arbre_├а_perruque,14
arbre_├а_perruque,14
arbre_├а_perruque,14
arbre_├а_perruque,14
arbre_├а_perruque,14
arbre_├а_perruque,14
arbre_├а_perruque,14
arbre_├а_perruque,14
arbre_├а_perruque,14
arbre_├а_perruque,14
arbre_├а_perruque,14
arbre_├а_perruque,14
arbre_├а_perruque,14
arbre_├а_perruque,14
arbre_├а_perruque,14
arbre_├а_perruque,14
arbre_├а_perruque,14
arbre_├а_perruque,14
arbre_├а_perruque,14
arbre_├а_perruque,14
arbre_├а_perruque,14
arbre_├а_perruque,14
arbre_├а_perruque,14
arbre_├а_perruque,14
arbre_├а_perruque,14
arbre_├а_perruque,14
arbre_├а_perruque,14
arbre_├а_perruque,14
arbre_├а_perruque,14
arbre_├а_perruque,14
arbre_├а_perruque,14
arbre_├а_perruque,14
arbre_├а_perruque,14
arbre_├а_perruque,14
arbre_├а_perruque,14
arbre_├а_perruque,14
arbre_├а_perruque,14
arbre_├а_perruque,14
arbre_├а_perruque,14
arbre_├а_perruque,14
arbre_├а_perruque,14
arbre_├а_perruque,14
arbre_├а_perruque,14
arbre_├а_perruque,14
arbre_├а_perruque,14
arbre_├а_perruque,14
arbre_├а_perruque,14
arbre_├а_perruque,14
arbre_├а_perruque,14
arbre_├а_perruque,14
arbre_├а_perruque,14
arbre_├а_perruque,14
arbre_├а_perruque,14
arbre_├а_perruque,14
arbre_├а_perruque,14
arbre_├а_perruque,14
diphasiastrum_alpium,15
diphasiastrum_alpium,15
diphasiastrum_alpium,15
diphasiastrum_alpium,15
diphasiastrum_alpium,15
diphasiastrum_alpium,15
diphasiastrum_alpium,15
diphasiastrum_alpium,15
diphasiastrum_alpium,15
diphasiastrum_alpium,15
diphasiastrum_alpium,15
diphasiastrum_alpium,15
diphasiastrum_alpium,15
diphasiastrum_alpium,15
diphasiastrum_alpium,15
diphasiastrum_alpium,15
diphasiastrum_alpium,15
diphasiastrum_alpium,15
diphasiastrum_alpium,15
diphasiastrum_alpium,15
diphasiastrum_alpium,15
diphasiastrum_alpium,15
diphasiastrum_alpium,15
diphasiastrum_alpium,15
diphasiastrum_alpium,15
diphasiastrum_alpium,15
diphasiastrum_alpium,15
diphasiastrum_alpium,15
diphasiastrum_alpium,15
diphasiastrum_alpium,15
diphasiastrum_alpium,15
diphasiastrum_alpium,15
diphasiastrum_alpium,15
diphasiastrum_alpium,15
diphasiastrum_alpium,15
diphasiastrum_alpium,15
diphasiastrum_alpium,15
diphasiastrum_alpium,15
diphasiastrum_alpium,15
diphasiastrum_alpium,15
diphasiastrum_alpium,15
diphasiastrum_alpium,15
diphasiastrum_alpium,15
diphasiastrum_alpium,15
diphasiastrum_alpium,15
diphasiastrum_alpium,15
diphasiastrum_alpium,15
diphasiastrum_alpium,15
diphasiastrum_alpium,15
diphasiastrum_alpium,15
diphasiastrum_alpium,15
diphasiastrum_alpium,15
diphasiastrum_alpium,15
diphasiastrum_alpium,15
diphasiastrum_alpium,15
diphasiastrum_alpium,15
diphasiastrum_alpium,15
diphasiastrum_alpium,15
diphasiastrum_alpium,15
diphasiastrum_alpium,15
diphasiastrum_alpium,15
diphasiastrum_alpium,15
diphasiastrum_alpium,15
diphasiastrum_alpium,15
diphasiastrum_alpium,15
diphasiastrum_alpium,15
diphasiastrum_alpium,15
diphasiastrum_alpium,15
diphasiastrum_alpium,15
diphasiastrum_alpium,15
diphasiastrum_alpium,15
diphasiastrum_alpium,15
diphasiastrum_alpium,15
diphasiastrum_alpium,15
diphasiastrum_alpium,15
diphasiastrum_alpium,15
diphasiastrum_alpium,15
diphasiastrum_alpium,15
diphasiastrum_alpium,15
callune,16
callune,16
callune,16
callune,16
callune,16
callune,16
callune,16
callune,16
callune,16
callune,16
callune,16
callune,16
callune,16
callune,16
callune,16
callune,16
callune,16
callune,16
callune,16
callune,16
callune,16
callune,16
callune,16
callune,16
callune,16
callune,16
callune,16
callune,16
callune,16
callune,16
callune,16
callune,16
callune,16
callune,16
callune,16
callune,16
callune,16
callune,16
callune,16
callune,16
callune,16
callune,16
callune,16
callune,16
callune,16
callune,16
callune,16
callune,16
callune,16
callune,16
callune,16
callune,16
callune,16
callune,16
callune,16
callune,16
callune,16
callune,16
callune,16
callune,16
callune,16
callune,16
callune,16
callune,16
callune,16
callune,16
callune,16
callune,16
callune,16
callune,16
callune,16
callune,16
callune,16
callune,16
callune,16
callune,16
callune,16
callune,16
callune,16
callune,16
diotis_blanc,17
diotis_blanc,17
diotis_blanc,17
diotis_blanc,17
diotis_blanc,17
diotis_blanc,17
diotis_blanc,17
diotis_blanc,17
diotis_blanc,17
diotis_blanc,17
diotis_blanc,17
diotis_blanc,17
diotis_blanc,17
diotis_blanc,17
diotis_blanc,17
diotis_blanc,17
diotis_blanc,17
diotis_blanc,17
diotis_blanc,17
diotis_blanc,17
diotis_blanc,17
diotis_blanc,17
diotis_blanc,17
diotis_blanc,17
diotis_blanc,17
diotis_blanc,17
diotis_blanc,17
diotis_blanc,17
diotis_blanc,17
diotis_blanc,17
diotis_blanc,17
diotis_blanc,17
diotis_blanc,17
diotis_blanc,17
diotis_blanc,17
diotis_blanc,17
diotis_blanc,17
diotis_blanc,17
diotis_blanc,17
diotis_blanc,17
diotis_blanc,17
diotis_blanc,17
diotis_blanc,17
diotis_blanc,17
diotis_blanc,17
diotis_blanc,17
diotis_blanc,17
diotis_blanc,17
diotis_blanc,17
diotis_blanc,17
diotis_blanc,17
diotis_blanc,17
diotis_blanc,17
diotis_blanc,17
diotis_blanc,17
diotis_blanc,17
diotis_blanc,17
diotis_blanc,17
diotis_blanc,17
diotis_blanc,17
diotis_blanc,17
diotis_blanc,17
diotis_blanc,17
diotis_blanc,17
diotis_blanc,17
diotis_blanc,17
diotis_blanc,17
diotis_blanc,17
diotis_blanc,17
diotis_blanc,17
diotis_blanc,17
diotis_blanc,17
diotis_blanc,17
diotis_blanc,17
diotis_blanc,17
diotis_blanc,17
diotis_blanc,17
diotis_blanc,17
diotis_blanc,17
diotis_blanc,17
cerisier,18
cerisier,18
cerisier,18
cerisier,18
cerisier,18
cerisier,18
cerisier,18
cerisier,18
cerisier,18
cerisier,18
cerisier,18
cerisier,18
cerisier,18
cerisier,18
cerisier,18
cerisier,18
cerisier,18
cerisier,18
cerisier,18
cerisier,18
cerisier,18
cerisier,18
cerisier,18
cerisier,18
cerisier,18
cerisier,18
cerisier,18
cerisier,18
cerisier,18
cerisier,18
cerisier,18
cerisier,18
cerisier,18
cerisier,18
cerisier,18
cerisier,18
cerisier,18
cerisier,18
cerisier,18
cerisier,18
cerisier,18
cerisier,18
cerisier,18
cerisier,18
cerisier,18
cerisier,18
cerisier,18
cerisier,18
cerisier,18
cerisier,18
cerisier,18
cerisier,18
cerisier,18
cerisier,18
cerisier,18
cerisier,18
cerisier,18
cerisier,18
cerisier,18
cerisier,18
cerisier,18
cerisier,18
cerisier,18
cerisier,18
cerisier,18
cerisier,18
cerisier,18
cerisier,18
cerisier,18
cerisier,18
cerisier,18
cerisier,18
cerisier,18
cerisier,18
cerisier,18
cerisier,18
cerisier,18
cerisier,18
cerisier,18
cakilier_maritime,19
cakilier_maritime,19
cakilier_maritime,19
cakilier_maritime,19
cakilier_maritime,19
cakilier_maritime,19
cakilier_maritime,19
cakilier_maritime,19
cakilier_maritime,19
cakilier_maritime,19
cakilier_maritime,19
cakilier_maritime,19
cakilier_maritime,19
cakilier_maritime,19
cakilier_maritime,19
cakilier_maritime,19
cakilier_maritime,19
cakilier_maritime,19
cakilier_maritime,19
cakilier_maritime,19
cakilier_maritime,19
cakilier_maritime,19
cakilier_maritime,19
cakilier_maritime,19
cakilier_maritime,19
cakilier_maritime,19
cakilier_maritime,19
cakilier_maritime,19
cakilier_maritime,19
cakilier_maritime,19
cakilier_maritime,19
cakilier_maritime,19
cakilier_maritime,19
cakilier_maritime,19
cakilier_maritime,19
cakilier_maritime,19
cakilier_maritime,19
cakilier_maritime,19
cakilier_maritime,19
cakilier_maritime,19
cakilier_maritime,19
cakilier_maritime,19
cakilier_maritime,19
cakilier_maritime,19
cakilier_maritime,19
cakilier_maritime,19
cakilier_maritime,19
cakilier_maritime,19
cakilier_maritime,19
cakilier_maritime,19
cakilier_maritime,19
cakilier_maritime,19
cakilier_maritime,19
cakilier_maritime,19
cakilier_maritime,19
cakilier_maritime,19
cakilier_maritime,19
cakilier_maritime,19
cakilier_maritime,19
cakilier_maritime,19
cakilier_maritime,19
cakilier_maritime,19
cakilier_maritime,19
cakilier_maritime,19
cakilier_maritime,19
cakilier_maritime,19
cakilier_maritime,19
cakilier_maritime,19
cakilier_maritime,19
cakilier_maritime,19
cakilier_maritime,19
cakilier_maritime,19
cakilier_maritime,19
cakilier_maritime,19
cakilier_maritime,19
cakilier_maritime,19
cakilier_maritime,19
cakilier_maritime,19
cakilier_maritime,19
colchique,20
colchique,20
colchique,20
colchique,20
colchique,20
colchique,20
colchique,20
colchique,20
colchique,20
colchique,20
colchique,20
colchique,20
colchique,20
colchique,20
colchique,20
colchique,20
colchique,20
colchique,20
colchique,20
colchique,20
colchique,20
colchique,20
colchique,20
colchique,20
colchique,20
colchique,20
colchique,20
colchique,20
colchique,20
colchique,20
colchique,20
colchique,20
colchique,20
colchique,20
colchique,20
colchique,20
colchique,20
colchique,20
colchique,20
colchique,20
colchique,20
colchique,20
colchique,20
colchique,20
colchique,20
colchique,20
colchique,20
colchique,20
colchique,20
colchique,20
colchique,20
colchique,20
colchique,20
colchique,20
colchique,20
colchique,20
colchique,20
colchique,20
colchique,20
colchique,20
colchique,20
colchique,20
colchique,20
colchique,20
colchique,20
colchique,20
colchique,20
colchique,20
colchique,20
colchique,20
colchique,20
colchique,20
colchique,20
colchique,20
colchique,20
colchique,20
colchique,20
colchique,20
colchique,20
colchique,20
colchique,20
camarine_noire,21
camarine_noire,21
camarine_noire,21
camarine_noire,21
camarine_noire,21
camarine_noire,21
camarine_noire,21
camarine_noire,21
camarine_noire,21
camarine_noire,21
camarine_noire,21
camarine_noire,21
camarine_noire,21
camarine_noire,21
camarine_noire,21
camarine_noire,21
camarine_noire,21
camarine_noire,21
camarine_noire,21
camarine_noire,21
camarine_noire,21
camarine_noire,21
camarine_noire,21
camarine_noire,21
camarine_noire,21
camarine_noire,21
camarine_noire,21
camarine_noire,21
camarine_noire,21
camarine_noire,21
camarine_noire,21
camarine_noire,21
camarine_noire,21
camarine_noire,21
camarine_noire,21
camarine_noire,21
camarine_noire,21
camarine_noire,21
camarine_noire,21
camarine_noire,21
camarine_noire,21
camarine_noire,21
camarine_noire,21
camarine_noire,21
camarine_noire,21
camarine_noire,21
camarine_noire,21
camarine_noire,21
camarine_noire,21
camarine_noire,21
camarine_noire,21
camarine_noire,21
camarine_noire,21
camarine_noire,21
camarine_noire,21
camarine_noire,21
camarine_noire,21
camarine_noire,21
camarine_noire,21
camarine_noire,21
camarine_noire,21
camarine_noire,21
camarine_noire,21
camarine_noire,21
camarine_noire,21
camarine_noire,21
camarine_noire,21
camarine_noire,21
camarine_noire,21
camarine_noire,21
camarine_noire,21
camarine_noire,21
camarine_noire,21
camarine_noire,21
camarine_noire,21
camarine_noire,21
alysson_maritime,22
alysson_maritime,22
alysson_maritime,22
alysson_maritime,22
alysson_maritime,22
alysson_maritime,22
alysson_maritime,22
alysson_maritime,22
alysson_maritime,22
alysson_maritime,22
alysson_maritime,22
alysson_maritime,22
alysson_maritime,22
alysson_maritime,22
alysson_maritime,22
alysson_maritime,22
alysson_maritime,22
alysson_maritime,22
alysson_maritime,22
alysson_maritime,22
alysson_maritime,22
alysson_maritime,22
alysson_maritime,22
alysson_maritime,22
alysson_maritime,22
alysson_maritime,22
alysson_maritime,22
alysson_maritime,22
alysson_maritime,22
alysson_maritime,22
alysson_maritime,22
alysson_maritime,22
alysson_maritime,22
alysson_maritime,22
alysson_maritime,22
alysson_maritime,22
alysson_maritime,22
alysson_maritime,22
alysson_maritime,22
alysson_maritime,22
alysson_maritime,22
alysson_maritime,22
alysson_maritime,22
alysson_maritime,22
alysson_maritime,22
alysson_maritime,22
alysson_maritime,22
alysson_maritime,22
alysson_maritime,22
alysson_maritime,22
alysson_maritime,22
alysson_maritime,22
alysson_maritime,22
alysson_maritime,22
alysson_maritime,22
alysson_maritime,22
alysson_maritime,22
alysson_maritime,22
alysson_maritime,22
alysson_maritime,22
alysson_maritime,22
alysson_maritime,22
alysson_maritime,22
alysson_maritime,22
alysson_maritime,22
alysson_maritime,22
alysson_maritime,22
alysson_maritime,22
alysson_maritime,22
alysson_maritime,22
alysson_maritime,22
alysson_maritime,22
alysson_maritime,22
alysson_maritime,22
alysson_maritime,22
alysson_maritime,22
alysson_maritime,22
alysson_maritime,22
alysson_maritime,22
alysson_maritime,22
coronille,23
coronille,23
coronille,23
coronille,23
coronille,23
coronille,23
coronille,23
coronille,23
coronille,23
coronille,23
coronille,23
coronille,23
coronille,23
coronille,23
coronille,23
coronille,23
coronille,23
coronille,23
coronille,23
coronille,23
coronille,23
coronille,23
coronille,23
coronille,23
coronille,23
coronille,23
coronille,23
coronille,23
coronille,23
coronille,23
coronille,23
coronille,23
coronille,23
coronille,23
coronille,23
coronille,23
coronille,23
coronille,23
coronille,23
coronille,23
coronille,23
coronille,23
coronille,23
coronille,23
coronille,23
coronille,23
coronille,23
coronille,23
coronille,23
coronille,23
coronille,23
coronille,23
coronille,23
coronille,23
coronille,23
coronille,23
coronille,23
coronille,23
coronille,23
coronille,23
coronille,23
coronille,23
coronille,23
coronille,23
coronille,23
coronille,23
coronille,23
coronille,23
coronille,23
coronille,23
coronille,23
coronille,23
coronille,23
coronille,23
coronille,23
coronille,23
coronille,23
coronille,23
coronille,23
coronille,23
coronille,23
coronille,23
coronille,23
coronille,23
coronille,23
coronille,23
coronille,23
coronille,23
coronille,23
coronille,23
aphyllante_montpellier,24
aphyllante_montpellier,24
aphyllante_montpellier,24
aphyllante_montpellier,24
aphyllante_montpellier,24
aphyllante_montpellier,24
aphyllante_montpellier,24
aphyllante_montpellier,24
aphyllante_montpellier,24
aphyllante_montpellier,24
aphyllante_montpellier,24
aphyllante_montpellier,24
aphyllante_montpellier,24
aphyllante_montpellier,24
aphyllante_montpellier,24
aphyllante_montpellier,24
aphyllante_montpellier,24
aphyllante_montpellier,24
aphyllante_montpellier,24
aphyllante_montpellier,24
aphyllante_montpellier,24
aphyllante_montpellier,24
aphyllante_montpellier,24
aphyllante_montpellier,24
aphyllante_montpellier,24
aphyllante_montpellier,24
aphyllante_montpellier,24
aphyllante_montpellier,24
aphyllante_montpellier,24
aphyllante_montpellier,24
aphyllante_montpellier,24
aphyllante_montpellier,24
aphyllante_montpellier,24
aphyllante_montpellier,24
aphyllante_montpellier,24
aphyllante_montpellier,24
aphyllante_montpellier,24
aphyllante_montpellier,24
aphyllante_montpellier,24
aphyllante_montpellier,24
aphyllante_montpellier,24
aphyllante_montpellier,24
aphyllante_montpellier,24
aphyllante_montpellier,24
aphyllante_montpellier,24
aphyllante_montpellier,24
aphyllante_montpellier,24
aphyllante_montpellier,24
aphyllante_montpellier,24
aphyllante_montpellier,24
aphyllante_montpellier,24
aphyllante_montpellier,24
aphyllante_montpellier,24
aphyllante_montpellier,24
aphyllante_montpellier,24
aphyllante_montpellier,24
aphyllante_montpellier,24
aphyllante_montpellier,24
aphyllante_montpellier,24
aphyllante_montpellier,24
aphyllante_montpellier,24
aphyllante_montpellier,24
aphyllante_montpellier,24
aphyllante_montpellier,24
aphyllante_montpellier,24
aphyllante_montpellier,24
aphyllante_montpellier,24
aphyllante_montpellier,24
aphyllante_montpellier,24
aphyllante_montpellier,24
aphyllante_montpellier,24
aphyllante_montpellier,24
aphyllante_montpellier,24
aphyllante_montpellier,24
aphyllante_montpellier,24
aphyllante_montpellier,24
aphyllante_montpellier,24
aphyllante_montpellier,24
aphyllante_montpellier,24
aphyllante_montpellier,24
catananche_bleue,25
catananche_bleue,25
catananche_bleue,25
catananche_bleue,25
catananche_bleue,25
catananche_bleue,25
catananche_bleue,25
catananche_bleue,25
catananche_bleue,25
catananche_bleue,25
catananche_bleue,25
catananche_bleue,25
catananche_bleue,25
catananche_bleue,25
catananche_bleue,25
catananche_bleue,25
catananche_bleue,25
catananche_bleue,25
catananche_bleue,25
catananche_bleue,25
catananche_bleue,25
catananche_bleue,25
catananche_bleue,25
catananche_bleue,25
catananche_bleue,25
catananche_bleue,25
catananche_bleue,25
catananche_bleue,25
catananche_bleue,25
catananche_bleue,25
catananche_bleue,25
catananche_bleue,25
catananche_bleue,25
catananche_bleue,25
catananche_bleue,25
catananche_bleue,25
catananche_bleue,25
catananche_bleue,25
catananche_bleue,25
catananche_bleue,25
catananche_bleue,25
catananche_bleue,25
catananche_bleue,25
catananche_bleue,25
catananche_bleue,25
catananche_bleue,25
catananche_bleue,25
catananche_bleue,25
catananche_bleue,25
catananche_bleue,25
catananche_bleue,25
catananche_bleue,25
catananche_bleue,25
catananche_bleue,25
catananche_bleue,25
catananche_bleue,25
catananche_bleue,25
catananche_bleue,25
catananche_bleue,25
catananche_bleue,25
catananche_bleue,25
catananche_bleue,25
catananche_bleue,25
catananche_bleue,25
catananche_bleue,25
catananche_bleue,25
catananche_bleue,25
catananche_bleue,25
catananche_bleue,25
catananche_bleue,25
buglosse_officinale,26
buglosse_officinale,26
buglosse_officinale,26
buglosse_officinale,26
buglosse_officinale,26
buglosse_officinale,26
buglosse_officinale,26
buglosse_officinale,26
buglosse_officinale,26
buglosse_officinale,26
buglosse_officinale,26
buglosse_officinale,26
buglosse_officinale,26
buglosse_officinale,26
buglosse_officinale,26
buglosse_officinale,26
buglosse_officinale,26
buglosse_officinale,26
buglosse_officinale,26
buglosse_officinale,26
buglosse_officinale,26
buglosse_officinale,26
buglosse_officinale,26
buglosse_officinale,26
buglosse_officinale,26
buglosse_officinale,26
buglosse_officinale,26
buglosse_officinale,26
buglosse_officinale,26
buglosse_officinale,26
buglosse_officinale,26
buglosse_officinale,26
buglosse_officinale,26
buglosse_officinale,26
buglosse_officinale,26
buglosse_officinale,26
buglosse_officinale,26
buglosse_officinale,26
buglosse_officinale,26
buglosse_officinale,26
buglosse_officinale,26
buglosse_officinale,26
buglosse_officinale,26
buglosse_officinale,26
buglosse_officinale,26
buglosse_officinale,26
buglosse_officinale,26
buglosse_officinale,26
buglosse_officinale,26
buglosse_officinale,26
buglosse_officinale,26
buglosse_officinale,26
buglosse_officinale,26
buglosse_officinale,26
buglosse_officinale,26
buglosse_officinale,26
buglosse_officinale,26
buglosse_officinale,26
buglosse_officinale,26
buglosse_officinale,26
buglosse_officinale,26
buglosse_officinale,26
buglosse_officinale,26
buglosse_officinale,26
buglosse_officinale,26
buglosse_officinale,26
buglosse_officinale,26
buglosse_officinale,26
buglosse_officinale,26
buglosse_officinale,26
buglosse_officinale,26
buglosse_officinale,26
buglosse_officinale,26
buglosse_officinale,26
buglosse_officinale,26
buglosse_officinale,26
buglosse_officinale,26
buglosse_officinale,26
buglosse_officinale,26
buglosse_officinale,26
deutzia_rude,27
deutzia_rude,27
deutzia_rude,27
deutzia_rude,27
deutzia_rude,27
deutzia_rude,27
deutzia_rude,27
deutzia_rude,27
deutzia_rude,27
deutzia_rude,27
deutzia_rude,27
deutzia_rude,27
deutzia_rude,27
deutzia_rude,27
deutzia_rude,27
deutzia_rude,27
deutzia_rude,27
deutzia_rude,27
deutzia_rude,27
deutzia_rude,27
deutzia_rude,27
deutzia_rude,27
deutzia_rude,27
deutzia_rude,27
deutzia_rude,27
deutzia_rude,27
deutzia_rude,27
deutzia_rude,27
deutzia_rude,27
deutzia_rude,27
deutzia_rude,27
deutzia_rude,27
deutzia_rude,27
deutzia_rude,27
deutzia_rude,27
deutzia_rude,27
deutzia_rude,27
deutzia_rude,27
deutzia_rude,27
deutzia_rude,27
deutzia_rude,27
deutzia_rude,27
deutzia_rude,27
deutzia_rude,27
deutzia_rude,27
deutzia_rude,27
deutzia_rude,27
deutzia_rude,27
deutzia_rude,27
deutzia_rude,27
deutzia_rude,27
deutzia_rude,27
deutzia_rude,27
deutzia_rude,27
deutzia_rude,27
deutzia_rude,27
deutzia_rude,27
deutzia_rude,27
deutzia_rude,27
deutzia_rude,27
deutzia_rude,27
deutzia_rude,27
deutzia_rude,27
deutzia_rude,27
deutzia_rude,27
deutzia_rude,27
deutzia_rude,27
deutzia_rude,27
deutzia_rude,27
deutzia_rude,27
deutzia_rude,27
deutzia_rude,27
deutzia_rude,27
deutzia_rude,27
deutzia_rude,27
deutzia_rude,27
deutzia_rude,27
deutzia_rude,27
deutzia_rude,27
deutzia_rude,27
dryopteris_a_cretes,28
dryopteris_a_cretes,28
dryopteris_a_cretes,28
dryopteris_a_cretes,28
dryopteris_a_cretes,28
dryopteris_a_cretes,28
dryopteris_a_cretes,28
dryopteris_a_cretes,28
dryopteris_a_cretes,28
dryopteris_a_cretes,28
dryopteris_a_cretes,28
dryopteris_a_cretes,28
dryopteris_a_cretes,28
dryopteris_a_cretes,28
dryopteris_a_cretes,28
dryopteris_a_cretes,28
dryopteris_a_cretes,28
dryopteris_a_cretes,28
dryopteris_a_cretes,28
dryopteris_a_cretes,28
dryopteris_a_cretes,28
dryopteris_a_cretes,28
dryopteris_a_cretes,28
dryopteris_a_cretes,28
dryopteris_a_cretes,28
dryopteris_a_cretes,28
dryopteris_a_cretes,28
dryopteris_a_cretes,28
dryopteris_a_cretes,28
dryopteris_a_cretes,28
dryopteris_a_cretes,28
dryopteris_a_cretes,28
dryopteris_a_cretes,28
dryopteris_a_cretes,28
dryopteris_a_cretes,28
dryopteris_a_cretes,28
dryopteris_a_cretes,28
dryopteris_a_cretes,28
dryopteris_a_cretes,28
dryopteris_a_cretes,28
dryopteris_a_cretes,28
dryopteris_a_cretes,28
dryopteris_a_cretes,28
dryopteris_a_cretes,28
dryopteris_a_cretes,28
dryopteris_a_cretes,28
dryopteris_a_cretes,28
dryopteris_a_cretes,28
dryopteris_a_cretes,28
dryopteris_a_cretes,28
dryopteris_a_cretes,28
dryopteris_a_cretes,28
dryopteris_a_cretes,28
dryopteris_a_cretes,28
dryopteris_a_cretes,28
dryopteris_a_cretes,28
dryopteris_a_cretes,28
dryopteris_a_cretes,28
dryopteris_a_cretes,28
dryopteris_a_cretes,28
dryopteris_a_cretes,28
dryopteris_a_cretes,28
dryopteris_a_cretes,28
dryopteris_a_cretes,28
dryopteris_a_cretes,28
dryopteris_a_cretes,28
dryopteris_a_cretes,28
dryopteris_a_cretes,28
dryopteris_a_cretes,28
dryopteris_a_cretes,28
dryopteris_a_cretes,28
dryopteris_a_cretes,28
dryopteris_a_cretes,28
dryopteris_a_cretes,28
dryopteris_a_cretes,28
dryopteris_a_cretes,28
dryopteris_a_cretes,28
dryopteris_a_cretes,28
dryopteris_a_cretes,28
dryopteris_a_cretes,28
